-- ======================================
-- Insert data (đang bổ sung)
-- ======================================
-- -----------------------------
-- Table account
-- -----------------------------
INSERT INTO "account"("username", "password", "role", "is_deleted","is_locked")
VALUES
	('admin', '$2b$10$VDqC/tAM2BZ/GIX2CuDtPOTptGgEZjZ9YI.IL2igb0qOK0VyWNHUS', 'admin', false,false);
INSERT INTO account (username,password,role,is_deleted,is_locked)
VALUES
  ('ID_001','$2a$10$zRxFI38saJp.Q9fDt6.kF.cM0r1SjaqRH4ioqRX6RQZ3p0r6mAQfq','user',false,false),
  ('ID_002','$2a$10$OiROvr3MZhTtBcJJo4hqb.BPuu/VuQi/t7JIn5YmGursQ7XIM3bmO','user',false,false),
  ('ID_003','$2a$10$HtrEjnyCrlwFg1shr7/wR.Quap8wrrG5bHJ1TUDdJmh.r2EodY2nm','user',false,false),
  ('ID_004','$2a$10$iK6YJ2ciJXYtYHRFytZ2YOf4JgBWzhw3FUeWsGvNchc95KFsT218m','user',false,false),
  ('ID_005','$2a$10$XmI73gLr3JcwZHPcp9RpVu9XI4PD8G0Ow3AY3L76ayrG6c90Z3.Au','user',false,false),
  ('ID_006','$2a$10$5Qd3iyNGgOIBd1gEKWMUV.CQtVOAiwbQwsrbI/6YHTM6jsx0o3TmG','user',false,false),
  ('ID_007','$2a$10$ROnO23w7f4EYROIE78sYl.1VA0Xzgf.DKda.WsvFQG7SC7YbCtAja','user',false,false),
  ('ID_008','$2a$10$5shFxRyxdLvse6Ng2LbiaOZyUhZ25hxcrooR5xCqUQsv2hK/CBIbS','user',false,false),
  ('ID_009','$2a$10$pnAL1cvBcCLNafJ6Ti/zDOPAJ.M6xt9MZ7ynKpJR95GMRSHOGDXrK','user',false,false),
  ('ID_010','$2a$10$LA.cQZ1UqB/tqajFlNjbJOgT3nlSSmyXaRykLHedc/Aq9a/1QrN1a','user',false,false);
INSERT INTO account (username,password,role,is_deleted,is_locked)
VALUES
  ('ID_011','$2a$10$x4pNUNQn8zTJ.7Kt3iH7aO0pYd8qlz2h4x.SW7w1Gux9z7grVmH4a','user',false,false),
  ('ID_012','$2a$10$oRR.BvHuWU27xfgtwxnNxeiKVfuqUcFCEpUuFiNIALegatFRlUNNy','user',false,false),
  ('ID_013','$2a$10$Mlw/dk0BRITfUJ/pMlope.GH9qKqC1LsqsPHZcfm3YWPjr8YI9.GC','user',false,false),
  ('ID_014','$2a$10$G2zOps/Ald75xsSJZgxoTehp7hcVxfK5J2ONv.QQfkopDGGSU4Sme','user',false,false),
  ('ID_015','$2a$10$Ub8MhPuAsKnMlXFp7eN6SO.sXRZu9JOa1ruEELe4lEk34eDj0Xq/y','user',false,false),
  ('ID_016','$2a$10$LjUt5TmYseC0UrFRYmp/9uZc60rCNIBJLGOPcrSeJd5JFLsuF1iYq','user',false,false),
  ('ID_017','$2a$10$7Lrk50.9UmMv0gg4sSflA.O24HpeVk0HqEww1caN/ElwqsnJ.SQum','user',false,false),
  ('ID_018','$2a$10$A9c9IHLAGXXmoAGkMENeI.PRrUuxG1XM5OviNSmge.3eziStcHUQG','user',false,false),
  ('ID_019','$2a$10$oHsYLpkTa94WeKGU2XtqieddsIBa8jIsuYcPK9hBHmrYrRapmEJZu','user',false,false),
  ('ID_020','$2a$10$dzgkerjhafNmmHLd0vpXg.ejWHwLYMjYw3rbXbZW53cU5Cm4eX2ES','user',false,false);
INSERT INTO account (username,password,role,is_deleted,is_locked)
VALUES
  ('ID_021','$2a$10$Z6/hV/RiK.h31c7/288kLubVBChr/iwcgRvR74Xt3X61J3i9of.Je','user',false,false),
  ('ID_022','$2a$10$1WgAjE5INDb3CTRFJscuJu.Y6bURSa7VNz5ks5XMAk7n4gc6n599u','user',false,false),
  ('ID_023','$2a$10$95l2ttb8FhFCQ5UpkHNpwOOla4GU.Hb4y.TVNrkIUzIyuQ63ZbOJK','user',false,false),
  ('ID_024','$2a$10$RpV7w.6D9tb1ME4yorqwBuWfVtsFAZAOU9ScBzadMpSPKB4vWiQey','user',false,false),
  ('ID_025','$2a$10$G/qWMQnNVJDvqkerFIuKsu5tWchsCOHqrUigOmCsvzwKz7rPFFgum','user',false,false),
  ('ID_026','$2a$10$QeNftRiH6MsG5X.GcdhIbO/Ai3AjXY1lmnCFQYzhQssi/7YfacygW','user',false,false),
  ('ID_027','$2a$10$TGAIqHk5qiEdxpyVS9lNB.lRa8UTBtdIgoWhSyUJV8j.YA2tSI9v.','user',false,false),
  ('ID_028','$2a$10$FrF2A31KlcF05S1UNcpGre7M3OpKW.D6asZZr/ChzZDrdsrYlVgH2','user',false,false),
  ('ID_029','$2a$10$297xm.y6v6Cb3rZZKyOejeFZ/es1w58hNphydjinWW8e4kk.zh8Na','user',false,false),
  ('ID_030','$2a$10$tN7BAZnaRzSusj7wWTNryedfNxsdbgewZU/ehaIsrDJpODYnqjrhG','user',false,false);
INSERT INTO account (username,password,role,is_deleted,is_locked)
VALUES
  ('ID_031','$2a$10$WbTDgdkL2KWvfc4BMyp2G.dM16gs/hhkRobjak3UtKZopfcPtHM5u','user',false,false),
  ('ID_032','$2a$10$CDxlh2lrZc7Q8NflXcVRIORxxGTeXLcYrlWpjyNLSaCd/KKJQvNrC','user',false,false),
  ('ID_033','$2a$10$f9zaA5P2PGw5/lskWRqaBOT5D.zF1MkWSDELUagtSsGcY5OR7bVq6','user',false,false),
  ('ID_034','$2a$10$8alNsvoPsSwQl37xl4b7A.VtWLIrJyI/XSPwbuRZqe01aLh3Ajiqi','user',false,false),
  ('ID_035','$2a$10$wa8qfnUOBUOa.AHl6ToLy.ghu4LH1mY18Dt4BgTyTI9TeornZFxnG','user',false,false),
  ('ID_036','$2a$10$W7wmAATTUmZs5yKr1CfNteYA996nlUQhDz.d2lnYvJxQC7j.SCFW2','user',false,false),
  ('ID_037','$2a$10$IVrEMza9v1aKpJ43Ku7ss..xY.2sv2qkQimDC/qHW.5CNnrxXZ97G','user',false,false),
  ('ID_038','$2a$10$A4paf4evKtxZdjma1Q2mMOIpNCZOqvCXKCki9gORh1Al47XFBL6b6','user',false,false),
  ('ID_039','$2a$10$U4KfyR.v2g6lqqemH1Cegulg6wid8sPcQ5QRsk.YEonl6G5ra9VTO','user',false,false),
  ('ID_040','$2a$10$YsijtaJVKLWhk8dDGy0fve8v1sj5a1kChLFTWv/APavXMINziTc6.','user',false,false);
INSERT INTO account (username,password,role,is_deleted,is_locked)
VALUES
  ('ID_041','$2a$10$ejCrCahfSqWzptYVeLNSFe1kg3H9txzawZBdxdI5Dqrk9osygRoYC','user',false,false),
  ('ID_042','$2a$10$hV0nr2v3uW17LDoxCyG5renMhMJseyZbjPWRlxIFBPDYG1lisjY3y','user',false,false),
  ('ID_043','$2a$10$FJtO8rQIbBuK8kvGfijZ1.32cqxQlZANGMiCw9UeTH0grz8FoQE.e','user',false,false),
  ('ID_044','$2a$10$UpcdQ9zNBcjDv/Y1dHnJn.Qel0u2qMXMbf6.xOC22th5xPsUjWpju','user',false,false),
  ('ID_045','$2a$10$XVDp1Lf9sS.STTOpf2U/GO92gnqcQ0FuE2hBs0Iqbm/UQ.R8NkoN6','user',false,false),
  ('ID_046','$2a$10$ZxXYdaRJMhspBjapf2mOiurqXEBJBGCIY2/GX2GeQbP1sJlR9.CNG','user',false,false),
  ('ID_047','$2a$10$jGqBh6iAfkzfhJ4Jr/r.k.dWFAyu/1bBz9f7AqusvY2mELdgSVMlG','user',false,false),
  ('ID_048','$2a$10$m2xWk9txb3O3GoNMyjsL9OKuimB1h7g5N/7aAgHyStTL21F3uwk7S','user',false,false),
  ('ID_049','$2a$10$QIcCuKYs1/hNcEelsE4tEuG7zIuAFotx/ck6VBnHxAQwhArf0Kj66','user',false,false),
  ('ID_050','$2a$10$173VVUiyhzjaIe3KW7AoSOsSq1Hjyzk4MyI0HQ3jDkyT1OKXDQUb2','user',false,false);
INSERT INTO account (username,password,role,is_deleted,is_locked)
VALUES
  ('ID_051','$2a$10$GzXsF3o4ebbr4Ph4uiYX.eqNNN7/Oaz6T3wvO9wqh9znuCe1Umu7W','user',false,false),
  ('ID_052','$2a$10$v7n92YOhTqmqfgnf.wOrmOCot2hEGnTnLTXf3ID286D7A1ukwT3KW','user',false,false),
  ('ID_053','$2a$10$j7qJr9oI2Zzv8WlvHqx3ZunGqZjYScmI4D3p3OvpCIy7Rq.n9ClKq','user',false,false),
  ('ID_054','$2a$10$AUOMbapec5qKD1SNV/Oe2u1R42tHq2DUuuHhiHJzvEntSMPn57H2C','user',false,false),
  ('ID_055','$2a$10$fwvUy2F3Ugrm.roL81DiVOW1GDWAmywkfbORRFDAaVqEwdgLjd0xO','user',false,false),
  ('ID_056','$2a$10$E1APRnlCssY73N.eE4m9CemcsfWP.aXSq6Tr5Hc/OtI3dZVcxhb3C','user',false,false),
  ('ID_057','$2a$10$Nv7meS13aSjX/8zPttc1su9hkIBBHcD9HHUb5VB7QXtSKYbl5iySa','user',false,false),
  ('ID_058','$2a$10$KStTGVpmTafghml0Jx9.SO9ns5eBvF0a1OwRZpmBtFlsZXXCj9/0q','user',false,false),
  ('ID_059','$2a$10$D3JQrxajW7lo0BasPVcROOXyA8KMgJ2nj8BGrbYKOrlHZmijUYFpm','user',false,false),
  ('ID_060','$2a$10$1yXn3AJhmDkE1Y0ZBJkMnO2tEia0qwE0YBBhRXzDOzRLH1sjvitn6','user',false,false);
INSERT INTO account (username,password,role,is_deleted,is_locked)
VALUES
  ('ID_061','$2a$10$n0s9/b7QJoprvhx44eKl9udOrshp3xMg1oCPd.5TkXaj0cRVayjTa','user',false,false),
  ('ID_062','$2a$10$upGmkXlmQvF8u1H1JdypXeHWFOna7JXaFm34d4H5G4ebMIqBq4qly','user',false,false),
  ('ID_063','$2a$10$.fZtb025mPdhjKaU.JCBxedhMvBWh8FyYgZ.XN8NqERT1vEtvlHGy','user',false,false),
  ('ID_064','$2a$10$jjDCytexsjklBR0/qzcCx.gG2.kqOePVdLKR0NpM5rJcVYcH4WT4.','user',false,false),
  ('ID_065','$2a$10$EobWD/xGcJwAh1F8KJGhEuyfMLOb6lKyGBg2dCwR4gE19jBQdVNl6','user',false,false),
  ('ID_066','$2a$10$81smqrWlUbKYQGqXtdaVYuLRiAwqWpcKHcjO8.2d.ETJf.V3aCbO2','user',false,false),
  ('ID_067','$2a$10$/hKAJdZo/9NNI/UUGETvYO09J7gEiwpEuny4XQqg/HuyImlwQdEGy','user',false,false),
  ('ID_068','$2a$10$ow2AgIEXbixhVXZty04ume3f7dTk11kLbvlZD/4Ut7.eBdnOY57yW','user',false,false),
  ('ID_069','$2a$10$TSyTvu9STsksfhllwd8Xge2aXiCYs265BlPlVInMp2121Xnz5m7Pu','user',false,false),
  ('ID_070','$2a$10$EMMs7LNAMwEMMtqqu5E7f.mKdErWfhvdG.EXo7Cb5Rl/OqZbrVa1m','user',false,false);
INSERT INTO account (username,password,role,is_deleted,is_locked)
VALUES
  ('ID_071','$2a$10$3gCsb4GUx5Cu/4qfVhXNKeYWXWtFNtR28MRAkvI/9SUxGvK2XPwJi','user',false,false),
  ('ID_072','$2a$10$aHNOsziXLOXCvdNKia32KO9StwNPp2jQOFNPLmEQPk4UHKB8dTYMy','user',false,false),
  ('ID_073','$2a$10$jXEsTm10mDVctr30swRry.bngnodrdeJWn1Mg5fj41XIsyuqKeMua','user',false,false),
  ('ID_074','$2a$10$6o0nCkRsikKl1kJ.rKA4tepdd53.V7HPhql6iRTIC0p3UgS9h7xDC','user',false,false),
  ('ID_075','$2a$10$s74BdjOaYXTjfskJKEiKAuXEY591ijHahS6Ou4FdsU8.nE9YODsw2','user',false,false),
  ('ID_076','$2a$10$MjecEXI9/o6x.atvj5OLaOxfhMxQPgnZU85nTfym2w107d4n23tQa','user',false,false),
  ('ID_077','$2a$10$9Ao7yarZxJSzmfb3rOjcmuHJkRc9z9115JhDqbkPCEEvgsbVv.CD.','user',false,false),
  ('ID_078','$2a$10$SerPZtjfYV8zjbBbWf.7M.8ftUOr9nNl890lsC9RPTosAT2q5cr/y','user',false,false),
  ('ID_079','$2a$10$.l7AuKQs9eyTfzxEuiV.neK.1uxmXNShYgw90xRbE4ml7jGRnDAL.','user',false,false),
  ('ID_080','$2a$10$Ysd8BHR1D/P9GBYTlf8XIOUtd6am4UGcdhYjIDlfQXYWWfW4WmW.u','user',false,false);
INSERT INTO account (username,password,role,is_deleted,is_locked)
VALUES
  ('ID_081','$2a$10$FrNG0uItkJw.8w1aFBbC8eO0Aq3XpxCDEz7cBOhgq7gMv/4mUA7f6','user',false,false),
  ('ID_082','$2a$10$SwGHf0r3MCknw1PGCfEJ8e9oKTUj4JxK6QkLRJJcBeQZFXIa0Jtr6','user',false,false),
  ('ID_083','$2a$10$kVICb9boTtHmyYmx8quGbOzlSNoZ8QcxY1OP.1dEhAibbFJV3t0b.','user',false,false),
  ('ID_084','$2a$10$sZ1ydQi17nKvdYK1IkGp0.wcyQQpL1FTy3WB2/q5QpuaWhwZhaz7C','user',false,false),
  ('ID_085','$2a$10$NSUfRG4D2IIbKX3toPdwtOqo4s0S9TWDZ/6gFoW7RV9PJdbCUg8FO','user',false,false),
  ('ID_086','$2a$10$9Aiy0.2DbDHFwyKFb9BPtO9U2LycowrAGvUWPn2g7PkBXwod1IhAm','user',false,false),
  ('ID_087','$2a$10$/zF85riKpNzm4lUf3DHVve7/MRPRNV3UIiXCLTeP9IVgbJblVf5/K','user',false,false),
  ('ID_088','$2a$10$HGMJYVzWwSNcyGqlP2YZ3OnJ7isYs0lAhoAM2n8HrxgWcsU4fXefm','user',false,false),
  ('ID_089','$2a$10$47r0Kqg7U2CUXVxQ1RAzQug0zI99b1ejCX9Rw/XVZdVLCAa57Q8Ea','user',false,false),
  ('ID_090','$2a$10$DceaUrrUk0qEmDR.j2O2cO9bbb72LbI1VXJO0KRhPxiHCOjK6rBi2','user',false,false);
INSERT INTO account (username,password,role,is_deleted,is_locked)
VALUES
  ('ID_091','$2a$10$yLaLtoCjQeTVlzjc3yHT2.E7Kz4SreVZvBeLWM0k14WruU1rYaPAO','user',false,false),
  ('ID_092','$2a$10$RPedvy3egXxFp.aDbwRuJOGKOdQSMB3/LLw4J21yz82T.VNElhw7.','user',false,false),
  ('ID_093','$2a$10$sXO6CGU.vV2Dff0pNB2QWeUKk/VbXGdpf5P.V84HZdFq94RsWNEd.','user',false,false),
  ('ID_094','$2a$10$GH41kGuKF/SYUhVTQCZGjOu1U0VmTGgh7.LbzfNyNcUtdgoq0sCVy','user',false,false),
  ('ID_095','$2a$10$aUB2zyEaXc/TyMNQR4dHqezl6m0865gv2MNMEobPjkW6Dg.mgDZrO','user',false,false),
  ('ID_096','$2a$10$ITQr6Ww1UfL00y.DhyX7UefHtMoilj27stpGwHnQY3HiJCoomx1Wi','user',false,false),
  ('ID_097','$2a$10$6jYVZFA/0whtx4k8kTSR9ubTfc5FfDZd/GzgVdH6n5SOMMO8.nfMW','user',false,false),
  ('ID_098','$2a$10$ciCjHwUFtUkzhJ4AB0b.G.89rVHV6bpYG0jo/4j9zVpSpmNjoXh8G','user',false,false),
  ('ID_099','$2a$10$2IGWpmgWxOyU9HY7NLntuemGblR/RVoAFIFxzKrHG2tOgHsz3I.2u','user',false,false),
  ('ID_100','$2a$10$RWM5gZFOp3w.R3D8qc3D.Oa9kzgpGzS7plVBWKI2FtASdj7tvVUVi','user',false,false);
INSERT INTO account (username,password,role,is_deleted,is_locked)
VALUES
  ('M_001','$2a$10$sHK/tQ.W3g8vxC.QbXU0r.ZGcYpHtY2806rED.6snyp0fbmjvhLuK','manager',false,false),
  ('M_002','$2a$10$ETyx4lPzsQPBvCiSgLYHHO8zc8wSJm7nHOYxyV4yt64nBKd6W/mTK','manager',false,false),
  ('M_003','$2a$10$O8x9uY2yPT08zMQgLNxUveNumM6LTgG9eNfslABgPN0MNKRq6MI2y','manager',false,false),
  ('M_004','$2a$10$Oj1gVR1Tm70SuP/HwxcXJu98I5QfOE4AqIC32ROn7k8PlZ/xD5dQa','manager',false,false),
  ('M_005','$2a$10$iALEuW6otlytt4CIPoAic.gTSb0TuXeUn61uT/xP5PeIcWSt9mO8a','manager',false,false),
  ('M_006','$2a$10$tXRc4PVFq1FIbQL6N05uau3L/0w8q7Ow2dILo1DUYC1KRy8GJ38Fq','manager',false,false),
  ('M_007','$2a$10$YIsFcVlb6657qZOJbXC81ea8nB.R7UyZy1x7CcpNa/H79pPVlXDAC','manager',false,false),
  ('M_008','$2a$10$rW8r6G1YWRfuACtZ57EGOuUYecPsvqh6muC2oN9FeIODwhBmTf4K6','manager',false,false),
  ('M_009','$2a$10$U41yNs2kCAvks.L0R9XygecFiiZ3BkVUVUKYHa6lJWTbMtx3A2/Oi','manager',false,false),
  ('M_010','$2a$10$rIcTeCgF.aZC0kO71FARD.mO4vjr1cCG3Zrr/FclJMG034psrm70C','manager',false,false);
INSERT INTO account (username,password,role,is_deleted,is_locked)
VALUES
  ('M_011','$2a$10$ECnFL.Bzfcqdcmx9Clw8QehSPI32o5BD1JzWJXNHcMc0gklXV4nVq','manager',false,false),
  ('M_012','$2a$10$7dE7t4Bou1cAa66sP59FwuKZdHoumyIQfiLK1bIT2eji6EGCPtByi','manager',false,false),
  ('M_013','$2a$10$35Py6igFlwTPiFHS4WGkAeNPN47xXpiJvnkiy9buFdY.lew.7dKBq','manager',false,false),
  ('M_014','$2a$10$QwpYarv1eFQ1YVmHjEpqguMS.o6l6Dsyzk1O2zVg/KFnUr2x880HC','manager',false,false),
  ('M_015','$2a$10$K6kch/C8HZZTxpbTE41Kv.dJZ9K1BVr9NfJcgEGumB1NNAWRAyfra','manager',false,false),
  ('M_016','$2a$10$yhRz7./CEbkZEBs0zQ8agOtXB4Q8maRNdNymVfLbQQpeN.URUU1jS','manager',false,false),
  ('M_017','$2a$10$wPBKlF1Vs2mH04gzUXWke.66dP9bn/frG5yukTh2gZnKBcBErnvku','manager',false,false),
  ('M_018','$2a$10$ybs9ejRgbyqyxBYfc9rdwu2QSw5M/DKdB86IpX3BmIpH89gX9.K66','manager',false,false),
  ('M_019','$2a$10$SltrUcXX2RNNux05etioKuIrFkolnEyT9PO2K/23aOmKG2AfPDolu','manager',false,false),
  ('M_020','$2a$10$bLjjkKAh6vw.sVrjPdpkyOdq3eLX1CHX8/2UD9SAlFbFjfpQZJTMe','manager',false,false);

-- -----------------------------
-- Table quarantine_location
-- -----------------------------
INSERT INTO "quarantine_location"
VALUES
	(DEFAULT, 'Bệnh viện Bạch Mai', 120, 0),
	(DEFAULT, 'Bệnh viện Bệnh nhiệt đới TW', 200, 0),
	(DEFAULT, 'Bệnh viện TW Huế', 100, 0),
	(DEFAULT, 'Bệnh viện Nhi đồng 1', 110, 0),
	(DEFAULT, 'Bệnh viện Nhi đồng 2', 160, 0);

-- -----------------------------
-- Table product
-- -----------------------------
INSERT INTO "product"("id", "name", "unit", "price")
VALUES 
    (DEFAULT, 'Bắp cải', 'kg', 25000),
	(DEFAULT, 'Xà lách', 'kg', 20000),
	(DEFAULT, 'Khoai tây', 'kg', 25000),
	(DEFAULT, 'Cà rốt', 'kg', 2500),
	(DEFAULT, 'Cam', 'kg', 35000),
	(DEFAULT, 'Táo', 'kg', 45000),
	(DEFAULT, 'Thịt heo', 'kg', 120000),
	(DEFAULT, 'Thịt bò', 'kg', 150000),
	(DEFAULT, 'Thịt gà', 'kg', 100000),
	(DEFAULT, 'Trứng gà', 'quả', 6000),
	(DEFAULT, 'Cá', 'kg', 90000),
	(DEFAULT, 'Tôm', 'kg', 80000),
	(DEFAULT, 'Cơm cháy', 'gói', 30000),
	(DEFAULT, 'Rong biển', 'gói', 25000),
	(DEFAULT, 'Mì gói', 'gói', 7000),
	(DEFAULT, 'Xúc xích', 'gói', 32000),
	(DEFAULT, 'Nước khoáng', 'chai', 6000),
	(DEFAULT, 'Nước trái cây', 'chai', 12000),
	(DEFAULT, 'Mật ong', 'chai', 50000),
	(DEFAULT, 'Sữa tươi', 'hộp', 10000),
	(DEFAULT, 'Sữa chua', 'hộp', 7000),
	(DEFAULT, 'Sữa lúa mạch', 'hộp', 12000),
	(DEFAULT, 'Sữa hạt', 'hộp', 20000),
    (DEFAULT, 'Khẩu trang', 'hộp', 30000),
	(DEFAULT, 'Nước rửa tay', 'chai', 40000),
    (DEFAULT, 'Kem đánh răng', 'tuýp', 35000),
    (DEFAULT, 'Bàn chải đánh răng', 'cái', 38000),
    (DEFAULT, 'Dầu gội đầu', 'gói', 5000),
	(DEFAULT, 'Nước rửa chén', 'chai', 32000),
	(DEFAULT, 'Bột giặt', 'gói', 35000),
	(DEFAULT, 'Nước xả quần áo', 'gói', 35000),
	(DEFAULT, 'Xà phòng', 'hộp', 50000);


-- -----------------------------
-- Table pack
-- -----------------------------
INSERT INTO "pack"("id", "name", "quantity_limit")
VALUES
	(DEFAULT, 'Gói thực phẩm 1', 4),
	(DEFAULT, 'Gói đồ dùng 1', 3),
	(DEFAULT, 'Gói tổng hợp 1', 2);
	
-- INSERT INTO "pack"("id", "name", "limit")
-- VALUES 
--     (DEFAULT, 'Rau - củ - trái cây', 10),  -- Bắp cải, xà lách, nấm, khoai tây, cà rốt, cam, táo
--     (DEFAULT, 'Thịt - cá - hải sản', 10),  -- thịt heo, thịt bò, thịt gà, trứng gà, cá, tôm
--     (DEFAULT, 'Đồ khô', 10),  -- cơm cháy, rong biển, mì gói, xúc xích, 
--     (DEFAULT, 'Đồ uống', 10),  -- nước khoáng, nước trái cây, mật ong
--     (DEFAULT, 'Sữa uống', 10),  -- sữa tươi, sữa chua, sữa lúa mạch, sữa hạt
--     (DEFAULT, 'Đồ dùng cá nhân', 10),  -- Khẩu trang, nước rửa tay, kem đánh răng, bản chải, dầu gội đầu
--     (DEFAULT, 'Giặt rửa', 10);  -- nước rửa chén, bột giặt, nước xả quần áo, xà phòng
	
	
-- -----------------------------
-- Table pack_items
-- -----------------------------
INSERT INTO "pack_items"("pack_id", "product_id", "quantity_limit")
VALUES
	('1', '1', 5),
	('1', '2', 6),
	('1', '3', 4),
	('1', '4', 5),
	('1', '5', 3),
	('2', '24', 6),
	('2', '25', 5),
	('2', '26', 5),
	('3', '2', 4),
	('3', '3', 6),
	('3', '24', 4),
	('3', '25', 3);


-- -----------------------------
-- Table product_image
-- -----------------------------
INSERT INTO "product_image"("product_id", "url")
VALUES 
    ('1', 'img/products/bap-cai-1.jpg'),
    ('1', 'img/products/bap-cai-2.jpg'),
	('2', 'img/products/xa-lach-1.jpg'),
	('2', 'img/products/xa-lach-2.jpg'),
	('3', 'img/products/khoai-tay-1.jpg'),
	('3', 'img/products/khoai-tay-2.jpg'),
	('4', 'img/products/ca-rot-1.jpg'),
	('4', 'img/products/ca-rot-2.jpg'),
	('5', 'img/products/cam-1.jpg'),
	('5', 'img/products/cam-2.jpg'),
	('6', 'img/products/tao-1.jpg'),
	('6', 'img/products/tao-2.jpg'),
	('7', 'img/products/thit-heo-1.jpg'),
	('7', 'img/products/thit-heo-2.jpg'),
	('8', 'img/products/thit-bo-1.jpg'),
	('8', 'img/products/thit-bo-2.jpg'),
	('9', 'img/products/thit-ga-1.jpg'),
	('9', 'img/products/thit-ga-2.jpg'),
	('10', 'img/products/trung-ga-1.jpg'),
	('10', 'img/products/trung-ga-2.jpg'),
	('11', 'img/products/ca-1.jpg'),
	('11', 'img/products/ca-2.jpg'),
	('12', 'img/products/tom-1.jpg'),
	('12', 'img/products/tom-2.jpg'),
    ('13', 'img/products/com-chay-1.jpg'),
    ('13', 'img/products/com-chay-2.jpg'),
	('14', 'img/products/rong-bien-1.jpg'),
	('14', 'img/products/rong-bien-2.jpg'),
	('15', 'img/products/mi-goi-1.jpg'),
	('15', 'img/products/mi-goi-2.jpg'),
	('16', 'img/products/xuc-xich-1.jpg'),
	('16', 'img/products/xuc-xich-2.jpg'),
	('17', 'img/products/nuoc-khoang-1.jpg'),
	('17', 'img/products/nuoc-khoang-2.jpg'),
	('18', 'img/products/nuoc-trai-cay-1.jpg'),
	('18', 'img/products/nuoc-trai-cay-2.jpg'),
	('19', 'img/products/mat-ong-1.jpg'),
	('19', 'img/products/mat-ong-2.jpg'),
	('20', 'img/products/sua-tuoi-1.jpg'),
	('20', 'img/products/sua-tuoi-2.jpg'),
	('21', 'img/products/sua-chua-1.jpg'),
	('21', 'img/products/sua-chua-2.jpg'),
	('22', 'img/products/sua-lua-mach-1.jpg'),
	('22', 'img/products/sua-lua-mach-2.jpg'),
	('23', 'img/products/sua-hat-1.jpg'),
	('23', 'img/products/sua-hat-2.jpg'),
    ('24', 'img/products/khau-trang-1.jpg'),
    ('24', 'img/products/khau-trang-2.jpg'),
	('25', 'img/products/nuoc-rua-tay-1.jpg'),
	('25', 'img/products/nuoc-rua-tay-2.jpg'),
    ('26', 'img/products/kem-danh-rang-1.jpg'),
    ('26', 'img/products/kem-danh-rang-2.jpg'),
    ('27', 'img/products/ban-chai-1.jpg'),
    ('27', 'img/products/ban-chai-2.jpg'),
    ('28', 'img/products/dau-goi-1.jpg'),
    ('28', 'img/products/dau-goi-2.jpg'),
	('29', 'img/products/nuoc-rua-chen-1.jpg'),
	('29', 'img/products/nuoc-rua-chen-2.jpg'),
	('30', 'img/products/bot-giat-1.jpg'),
	('30', 'img/products/bot-giat-2.jpg'),
	('31', 'img/products/nuoc-xa-1.jpg'),
	('31', 'img/products/nuoc-xa-2.jpg'),
	('32', 'img/products/xa-phong-1.jpg'),
	('32', 'img/products/xa-phong-2.jpg');





------------------------------------------------------------------DOT 2------------------------------------------------------------------------------------------
-- -----------------------------
-- Table user
-- -----------------------------

INSERT INTO "user" (id,name,year_of_birth,address,identity_number,username,current_status,current_location,province,district,ward)
VALUES
  (DEFAULT,'Simone Camacho',1982,'Lê Hồng Phong','406107841','ID_001','F0',5,1,1,1),
  (DEFAULT,'Angelica Snider',1990,'Bình Quới','147038518','ID_002','F1',1,1,2,37),
  (DEFAULT,'Herman Rios',1990,'Thành Thái','471804363','ID_003','F1',4,4,40,1267),
  (DEFAULT,'Ivana Heath',1960,'Lê Hồng Phong','467986481','ID_004','F2',2,4,42,1290),
  (DEFAULT,'Murphy Douglas',1988,'Nguyễn Xí','18158302','ID_005','F1',2,48,490,20194),
  (DEFAULT,'Alexa Holden',1996,'Sư Vạn Hạnh','213195085','ID_006','F0',4,48,491,20203),
  (DEFAULT,'Chava Dickson',1966,'Đinh Bộ Lĩnh','344111944','ID_007','Cured',1,52,540,21556),
  (DEFAULT,'Regina Walker',1961,'Trần Hưng Đạo','441811268','ID_008','Cured',3,52,542,21619),
  (DEFAULT,'Yen Gray',2014,'Lê Quang Định','386681139','ID_009','F0',3,79,760,26746),
  (DEFAULT,'Irma Knowles',1975,'Bùi Đình Tuý','387213341','ID_010','Cured',5,79,761,26773);
INSERT INTO "user" (id,name,year_of_birth,address,identity_number,username,current_status,current_location,province,district,ward)
VALUES
  (DEFAULT,'Britanney Cortez',1991,'Trần Hưng Đạo','69101534','ID_011','F2',1,89,883,30283),
  (DEFAULT,'Todd Hogan',2017,'Tôn Đức Thắng','78241535','ID_012','Cured',3,89,884,30316),
  (DEFAULT,'Baker Osborne',1988,'Sư Vạn Hạnh','271332963','ID_013','F0',3,1,3,94),
  (DEFAULT,'Sophia Berger',1968,'Nguyễn Trãi','389244678','ID_014','F2',4,1,4,115),
  (DEFAULT,'Gannon Best',1978,'3/2','179348594','ID_015','F0',2,4,45,1366),
  (DEFAULT,'Amir Erickson',1975,'Sư Vạn Hạnh','228706337','ID_016','Cured',1,4,43,1327),
  (DEFAULT,'Gwendolyn Lester',1974,'Lê Hồng Phong','119523893','ID_017','Cured',4,48,492,20236),
  (DEFAULT,'Erin Small',1995,'Lê Lợi','483107838','ID_018','F0',1,48,494,20285),
  (DEFAULT,'Eagan Farley',1966,'3/2','389464406','ID_019','F1',2,52,540,21553),
  (DEFAULT,'Gavin Sykes',1971,'Võ Văn Kiệt','20169891k','ID_020','F1',3,52,542,21609);
INSERT INTO "user" (id,name,year_of_birth,address,identity_number,username,current_status,current_location,province,district,ward)
VALUES
  (DEFAULT,'Aiko Norris',1978,'Sư Vạn Hạnh','42328839','ID_021','F1',2,79,763,26830),
  (DEFAULT,'Zeus Santiago',1973,'Thành Thái','381755053','ID_022','Cured',3,79,764,26869),
  (DEFAULT,'Ali Mcclure',2000,'Võ Văn Kiệt','46987659','ID_023','F0',5,89,887,30376),
  (DEFAULT,'Jaime Woodard',1990,'Lý Thường Kiệt','477275613','ID_024','F1',1,89,886,30337),
  (DEFAULT,'Drew Peck',2014,'Bùi Đình Tuý','429422639','ID_025','F2',2,1,5,160),
  (DEFAULT,'Nigel Martinez',1984,'Cách Mạng Tháng 8','279939921','ID_026','F0',4,1,5,163),
  (DEFAULT,'Reuben Huff',2008,'Thành Thái','18293439','ID_027','F2',2,4,40,1267),
  (DEFAULT,'Ifeoma Turner',1980,'Thành Thái','467148818','ID_028','Cured',4,4,43,1321),
  (DEFAULT,'Cyrus Malone',1962,'Võ Văn Kiệt','44286084','ID_029','F2',4,48,492,20239),
  (DEFAULT,'Boris Cabrera',2020,'Đinh Bộ Lĩnh','478518285','ID_030','F2',4,48,494,20287);
INSERT INTO "user" (id,name,year_of_birth,address,identity_number,username,current_status,current_location,province,district,ward)
VALUES
  (DEFAULT,'Gwendolyn Lloyd',1960,'Thành Thái','411164535','ID_031','F1',4,52,543,21637),
  (DEFAULT,'Jasmine Newton',2008,'Quang Trung','229809687','ID_032','F0',4,52,545,21733),
  (DEFAULT,'Colin Flores',1964,'Bùi Đình Tuý','387772456','ID_033','Cured',3,79,763,26833),
  (DEFAULT,'Michelle Dominguez',1991,'Cách Mạng Tháng 8','11984355','ID_034','Cured',3,79,764,26872),
  (DEFAULT,'Dalton Santana',1984,'Cách Mạng Tháng 8','21143998k','ID_035','Cured',5,89,888,30409),
  (DEFAULT,'Uriah Franco',1985,'Lý Thường Kiệt','414502555','ID_036','F1',4,89,886,30340),
  (DEFAULT,'Dillon Meyers',2012,'Tôn Đức Thắng','29201390','ID_037','Cured',1,1,1,7),
  (DEFAULT,'Teagan Bright',1995,'Cách Mạng Tháng 8','362981557','ID_038','F0',3,1,2,49),
  (DEFAULT,'Alisa Lewis',1971,'Đinh Bộ Lĩnh','202737218','ID_039','F2',1,4,45,1366),
  (DEFAULT,'Kiayada Ramirez',1973,'Lê Quang Định','495704173','ID_040','Cured',4,4,47,1456);
INSERT INTO "user" (id,name,year_of_birth,address,identity_number,username,current_status,current_location,province,district,ward)
VALUES
  (DEFAULT,'Randall Hill',1992,'Võ Văn Kiệt','382168186','ID_041','F0',4,48,490,20198),
  (DEFAULT,'Brooke Erickson',2003,'Đinh Bộ Lĩnh','46340934k','ID_042','F1',1,48,494,20285),
  (DEFAULT,'Christian Hamilton',2011,'Nguyễn Xí','458182604','ID_043','F0',3,52,543,21640),
  (DEFAULT,'Ainsley Burch',2020,'Thành Thái','11110817k','ID_044','Cured',5,52,544,21691),
  (DEFAULT,'Colby French',2013,'Sư Vạn Hạnh','30829107','ID_045','F2',3,79,762,26803),
  (DEFAULT,'Melyssa Gentry',1985,'Võ Văn Kiệt','22126725','ID_046','F1',5,79,763,26839),
  (DEFAULT,'Rae Ewing',1998,'Lê Hồng Phong','404528386','ID_047','F0',3,89,883,30289),
  (DEFAULT,'Blaze Hatfield',1961,'Lê Quang Định','451555049','ID_048','Cured',3,89,884,30325),
  (DEFAULT,'Zachery Jensen',2015,'Võ Văn Kiệt','65322692','ID_049','Cured',2,1,1,4),
  (DEFAULT,'Louis Valenzuela',1995,'Quang Trung','21843598','ID_050','F2',2,1,5,167);
INSERT INTO "user" (id,name,year_of_birth,address,identity_number,username,current_status,current_location,province,district,ward)
VALUES
  (DEFAULT,'Marcia Shaw',1963,'Lê Hồng Phong','228825328','ID_051','F1',5,4,40,1273),
  (DEFAULT,'Salvador Hurley',1964,'Cách Mạng Tháng 8','50501604','ID_052','F1',3,4,43,1324),
  (DEFAULT,'Yasir Mckinney',2011,'Quang Trung','35546502','ID_053','Cured',4,48,493,20272),
  (DEFAULT,'Hollee Kidd',1982,'Nguyễn Huệ','407719700','ID_054','F1',4,48,492,20230),
  (DEFAULT,'Richard Mosley',1986,'Lê Quang Định','225225796','ID_055','F1',3,52,543,21646),
  (DEFAULT,'Leo Rowe',1978,'Cách Mạng Tháng 8','3136957','ID_056','F0',4,52,545,21733),
  (DEFAULT,'Althea Ford',1987,'Thành Thái','56093877','ID_057','Cured',2,79,764,26872),
  (DEFAULT,'Pamela Sloan',2014,'Tôn Đức Thắng','232177756','ID_058','F1',3,79,763,26842),
  (DEFAULT,'Raya Ward',1981,'Lý Thường Kiệt','374538152','ID_059','F2',4,89,884,30316),
  (DEFAULT,'Veda Bullock',1992,'Sư Vạn Hạnh','61122761','ID_060','Cured',2,89,886,30346);
INSERT INTO "user" (id,name,year_of_birth,address,identity_number,username,current_status,current_location,province,district,ward)
VALUES
  (DEFAULT,'Basil Guerrero',1995,'Lê Lợi','175795197','ID_061','Cured',4,1,3,91),
  (DEFAULT,'Galvin Swanson',2003,'Bình Quới','226274677','ID_062','F2',3,1,4,118),
  (DEFAULT,'Eleanor Hart',1975,'Bùi Đình Tuý','158117207','ID_063','Cured',2,4,43,1321),
  (DEFAULT,'Axel Lee',2005,'Trần Hưng Đạo','489207168','ID_064','F1',2,4,47,1447),
  (DEFAULT,'Lisandra Curry',2011,'Lê Lợi','19358277k','ID_065','F0',4,48,490,20194),
  (DEFAULT,'Audra Hoffman',1991,'Bùi Đình Tuý','404631365','ID_066','F0',4,48,494,20287),
  (DEFAULT,'Tobias Buckley',1971,'Lý Thường Kiệt','67439988','ID_067','F0',1,52,544,21688),
  (DEFAULT,'Maggy Edwards',1964,'Lê Hồng Phong','293231346','ID_068','F2',4,52,543,21649),
  (DEFAULT,'Adena Tate',1964,'Đinh Bộ Lĩnh','40485450k','ID_069','F2',2,79,762,26794),
  (DEFAULT,'Amelia Foster',1998,'Cách Mạng Tháng 8','31516218','ID_070','F2',3,79,763,26839);
INSERT INTO "user" (id,name,year_of_birth,address,identity_number,username,current_status,current_location,province,district,ward)
VALUES
  (DEFAULT,'Ray Kelly',1986,'Đinh Bộ Lĩnh','506344875','ID_071','F1',2,89,883,30289),
  (DEFAULT,'Hayley David',2020,'Tôn Đức Thắng','1613383','ID_072','Cured',3,89,887,30377),
  (DEFAULT,'Aiko Castillo',1984,'Sư Vạn Hạnh','19824195','ID_073','Cured',3,1,2,43),
  (DEFAULT,'Hunter Duran',1992,'Nguyễn Xí','17768970k','ID_074','Cured',5,1,3,100),
  (DEFAULT,'Barrett Walters',1972,'Đinh Bộ Lĩnh','472436643','ID_075','Cured',2,4,45,1375),
  (DEFAULT,'Amela Sloan',2019,'Lê Quang Định','323149143','ID_076','F1',1,4,43,1330),
  (DEFAULT,'Kelly Kelley',1976,'Nguyễn Trãi','18236892k','ID_077','F2',2,48,493,20266),
  (DEFAULT,'Emery Delgado',1991,'Lê Quang Định','395397249','ID_078','Cured',3,48,491,20207),
  (DEFAULT,'Fay Lester',1985,'Võ Văn Kiệt','383352290','ID_079','Cured',2,52,543,21643),
  (DEFAULT,'Elliott Salas',1990,'Nguyễn Xí','393541059','ID_080','F1',4,52,542,21619);
INSERT INTO "user" (id,name,year_of_birth,address,identity_number,username,current_status,current_location,province,district,ward)
VALUES
  (DEFAULT,'Erich Hayes',1990,'Sư Vạn Hạnh','234688782','ID_081','F0',1,79,762,26803),
  (DEFAULT,'Ishmael Patrick',2004,'Sư Vạn Hạnh','129065729','ID_082','F1',4,79,763,26836),
  (DEFAULT,'Finn Brennan',1981,'Nguyễn Xí','461471374','ID_083','Cured',2,89,888,30406),
  (DEFAULT,'Samuel Pierce',1981,'Bùi Đình Tuý','235746263','ID_084','Cured',4,89,887,30382),
  (DEFAULT,'Amena Henderson',1970,'Thành Thái','105426836','ID_085','F2',3,1,1,1),
  (DEFAULT,'Kathleen Garrison',1978,'Nguyễn Huệ','342903487','ID_086','F2',4,1,4,118),
  (DEFAULT,'Jessica Flowers',2014,'Lý Thường Kiệt','176509392','ID_087','Cured',3,4,40,1279),
  (DEFAULT,'Vielka Golden',1997,'Trần Hưng Đạo','135996351','ID_088','Cured',2,4,42,1297),
  (DEFAULT,'Amy Rodgers',2022,'Bùi Đình Tuý','16514371k','ID_089','F0',5,48,492,20233),
  (DEFAULT,'Randall Landry',1985,'Sư Vạn Hạnh','187971799','ID_090','F1',3,48,493,20275);
INSERT INTO "user" (id,name,year_of_birth,address,identity_number,username,current_status,current_location,province,district,ward)
VALUES
  (DEFAULT,'Jael Hyde',1974,'Đinh Bộ Lĩnh','352392936','ID_091','F2',2,52,542,21610),
  (DEFAULT,'Mari Whitney',1996,'Tôn Đức Thắng','108682728','ID_092','Cured',4,52,543,21646),
  (DEFAULT,'Brock Stanley',1988,'Cách Mạng Tháng 8','249854441','ID_093','F2',4,79,763,26830),
  (DEFAULT,'Xavier Larsen',1974,'Trần Hưng Đạo','412148347','ID_094','F2',5,79,764,26872),
  (DEFAULT,'Barry Knapp',2014,'Lê Quang Định','427332373','ID_095','F0',4,89,886,30343),
  (DEFAULT,'Medge Harmon',1979,'Trần Hưng Đạo','235182300','ID_096','Cured',1,89,884,30328),
  (DEFAULT,'Madeson Montoya',1978,'Cách Mạng Tháng 8','436592426','ID_097','F2',2,1,5,167),
  (DEFAULT,'Aladdin Rivas',1973,'Võ Văn Kiệt','291671330','ID_098','F1',2,1,1,7),
  (DEFAULT,'Boris Mckee',1987,'Quang Trung','191277104','ID_099','Cured',2,4,42,1294),
  (DEFAULT,'Wyatt Cardenas',2013,'Đinh Bộ Lĩnh','173623291','ID_100','Cured',5,4,47,1465);
  INSERT INTO "user" (id,name,year_of_birth,address,identity_number,username,current_status,current_location,province,district,ward)
VALUES
  (DEFAULT,'Amela Compton',2014,'Lê Lợi','23299909','M_001',null,null,1,1,4),
  (DEFAULT,'Vladimir Ramsey',1992,'Lê Quang Định','143924181','M_002',null,null,1,2,37),
  (DEFAULT,'Shelby Salazar',1965,'Đinh Bộ Lĩnh','313736113','M_003',null,null,4,40,1267),
  (DEFAULT,'Vladimir Daugherty',1973,'Trần Hưng Đạo','462028040','M_004',null,null,4,42,1290),
  (DEFAULT,'Kyla Coleman',2021,'Nguyễn Trãi','214128950','M_005',null,null,48,490,20194),
  (DEFAULT,'Malik Ballard',1966,'Đinh Bộ Lĩnh','391322260','M_006',null,null,48,491,20209),
  (DEFAULT,'Teagan Oliver',2008,'Lê Lợi','95433537','M_007',null,null,52,540,21550),
  (DEFAULT,'Adam Miranda',2005,'Nguyễn Xí','6995510k','M_008',null,null,52,542,21610),
  (DEFAULT,'Armand Pate',1997,'Quang Trung','5370879k','M_009',null,null,79,760,26740),
  (DEFAULT,'Katelyn Stephenson',2008,'Lê Quang Định','168584016','M_010',null,null,79,761,26770);
INSERT INTO "user" (id,name,year_of_birth,address,identity_number,username,current_status,current_location,province,district,ward)
VALUES
  (DEFAULT,'Holmes Mckee',2013,'Lê Hồng Phong','333237032','M_011',null,null,89,883,30285),
  (DEFAULT,'Bert Yates',2016,'Quang Trung','426135779','M_012',null,null,89,884,30316),
  (DEFAULT,'Craig Boone',1967,'Cách Mạng Tháng 8','6929281k','M_013',null,null,1,4,118),
  (DEFAULT,'Katelyn O''brien',1988,'Sư Vạn Hạnh','64098713','M_014',null,null,1,5,157),
  (DEFAULT,'Hilel Tyler',1969,'Võ Văn Kiệt','29979502','M_015',null,null,4,45,1363),
  (DEFAULT,'Raymond Leblanc',1982,'Sư Vạn Hạnh','434165776','M_016',null,null,4,47,1453),
  (DEFAULT,'Shoshana Richard',1963,'Quang Trung','62245476','M_017',null,null,48,490,20197),
  (DEFAULT,'Karyn Chase',1996,'Lê Hồng Phong','5883881','M_018',null,null,48,494,20285),
  (DEFAULT,'Branden Maxwell',1985,'Lê Quang Định','282814250','M_019',null,null,52,544,21691),
  (DEFAULT,'Xanthus Jefferson',2021,'Võ Văn Kiệt','266296541','M_020',null,null,52,545,21733);


-- -----------------------------
-- Table order
-- -----------------------------
INSERT INTO "order"("id", "user_id", "ordered_at", "paid_at", "total_price")
VALUES
	(DEFAULT, 1, '2021-12-06 10:30:00', '2021-12-06 10:35:00', 295000);
INSERT INTO "order"("id", "user_id", "ordered_at", "total_price", "is_urgent")
VALUES
	(DEFAULT, 1, '2021-12-06 10:30:00', 205000, TRUE),
	(DEFAULT, 1, '2021-12-06 12:30:00', 105000, FALSE),
	(DEFAULT, 2, '2021-12-06 9:30:00', 210000, TRUE);


-- -----------------------------
-- Table order_detail
-- -----------------------------
INSERT INTO "order_detail"("order_id", "pack_id", "product_id", "quantity", "bought_price")
VALUES
	(1, 2, 24, 1, 30000),
	(1, 2, 25, 2, 40000),
	(1, 2, 26, 2, 35000),
	(2, 2, 24, 3, 30000),
	(2, 2, 25, 2, 40000),
	(2, 2, 26, 1, 35000),
	(3, 2, 24, 1, 30000),
	(3, 2, 25, 1, 40000),
	(3, 2, 26, 1, 35000),
	(4, 2, 24, 2, 30000),
	(4, 2, 25, 2, 40000),
	(4, 2, 26, 2, 35000),
	(1, 3, 2, 1, 20000),
	(1, 3, 3, 2, 25000),
	(1, 3, 24, 1, 30000),
	(1, 3, 25, 1, 40000);

-- -----------------------------
-- Table payment_limit
-- -----------------------------
INSERT INTO "payment_limit"("value") VALUES (500000);


INSERT INTO "covid_record"("id", "covid_status", "record_time", "user_id")
VALUES
	(DEFAULT, 'F0', '2021-12-06 10:30:00', 1),
	(DEFAULT, 'F1', '2021-01-10 10:30:00', 1),
	(DEFAULT, 'F0', '2021-12-06 10:30:00', 2),
	(DEFAULT, 'F0', '2021-12-06 10:30:00', 3),
	(DEFAULT, 'Cured', '2021-12-20 10:30:00', 7),
	(DEFAULT, 'F1', '2021-12-06 10:30:00', 5),
	(DEFAULT, 'F1', '2021-12-06 10:30:00', 6),
	(DEFAULT, 'F0', '2021-12-06 10:30:00', 7),
	(DEFAULT, 'Cured', '2021-12-06 10:30:00', 8),
	(DEFAULT, 'F1', '2021-08-08 10:30:00', 1),
	(DEFAULT, 'F2', '2021-08-06 10:30:00', 1),
	(DEFAULT, 'F0', '2021-11-26 10:30:00', 8),
	(DEFAULT, 'F0', '2021-08-06 10:30:00', 3),
	(DEFAULT, 'F2', '2021-07-06 10:30:00', 4),
	(DEFAULT, 'F0', '2021-07-06 10:30:00', 5),
	(DEFAULT, 'F0', '2021-07-06 10:30:00', 6),
	(DEFAULT, 'F0', '2021-07-06 10:30:00', 7),
	(DEFAULT, 'F1', '2020-12-06 10:30:00', 8),
	(DEFAULT, 'F0', '2020-12-06 10:30:00', 1),
	(DEFAULT, 'F1', '2020-12-06 10:30:00', 1),
	(DEFAULT, 'F0', '2020-12-06 10:30:00', 10),
	(DEFAULT, 'F0', '2020-12-06 10:30:00', 11),
	(DEFAULT, 'F2', '2020-12-01 10:30:00', 12),
	(DEFAULT, 'F1', '2020-12-01 10:30:00', 13),
	(DEFAULT, 'F1', '2020-12-01 10:30:00', 14),
	(DEFAULT, 'F0', '2020-12-01 10:30:00', 15),
	(DEFAULT, 'F2', '2020-12-01 10:30:00', 16);
